ID,Title,Lifecycle,Topic,Priority,Description,Creation date,Linked terms,Solution idea
REQ-DESIGN-SCHEMA-LINKED-METADATA,üìúLinks between metadata records,Design,Metadata Schema,Low,"Help users to traverse semantically linked metadata records that are similiar, different, related, etc. This can involve data from the same or different project, a similar purpose or an explicitly specified difference. This can be achieved using an explicit field for links in the metadata schema",2024-08-15,,Provide a generic metadata module in the schema that focuses on relations to other datasets and think about a good collection of relations between them.
REQ-DESIGN-SCHEMA-REUSE-AGREED-SEMANTICS,üìúThe metadata schema reuses agreed upon terms and semantics,Design,Metadata Schema,High,It is vital to not create duplicate definitions to improve interoperability. This should be done using pre-existing ontologies wherever possible,2024-09-17,,Importing / Referencing of all ontologies that provide useful terms or semantics
REQ-DESIGN-SCHEMA-CONTROLLED-VOCABULARIES,üìúFields in the schema shall use controlled vocabularies as much as possible,Design,Metadata Schema,High,"Prevent the interoperability issues that arise with custom human input, by using controlled vocabularies for user input where possible",2024-08-15,,"Use either ENUM like instances of a type in OWL or specify a base class for terms as child classes, use public identifiers of a certain pattern (e.g. purl, doi, orcid, etc.) - multiple solutions will be necessary. Consider using Terminology services or special term lookup services like the DBpedia Lookup"
REQ-DESIGN-SCHEMA-FIELD-IMPORTANCE,üìúFields need to be categorized by importance,Design,Metadata Schema,Medium,"To allow users to quickly grasp which metadata fields are more important we need to cluster them into mandatory, optional, etc. ",2024-10-22,,Additional attribute for all metadata fields (compare OEM Badges)
REQ-DESIGN-SCHEMA-MODULARITY,üìúModularity,Design,Metadata Schema,High,To ensure a good quality of metadata for a given entity it is important to have specifically tailored sets of metadata fields. It makes sense to group several fields together if they always appear in a common context. Each of these modules needs to have a precise and limited scope. Smaller is often better in this context.,2024-10-22,,Cluster metadata fields in modules and allow one entity to be annotated by a set of these modules. A strategy to find the correct modules needs to be worked out
REQ-DESIGN-SCHEMA-LANGUAGE,üìúLanguage,Design,Metadata Schema,High,"Since key value maps only see a key equal if it matches 100% it is necessary to have all keys in a common language. We propose to use only English names for the keys. If a serialization format allows multiple languages also other languages can be supported, but English must have the highest priority",2024-10-22,,Just use English keys for the fields and perform translations only with annotation properties
REQ-DESIGN-TOOLING-STATE-OF-THE-ART,üîß Metadata Schema Implementation Tools,Design,Tooling,High,The Metadata schema shall be created and maintained using state-of-the-art tools of the semantic web domain,2024-09-23,,The core metadata schema shall be edited in Protege. The metadata schema shall be stored on github in a dedicated repository in the NFDI4Energy organization.
REQ-DESIGN-TOOLING-IMPROVEMENT,üîß Metadata Schema Improvement Tools,Design,Tooling,Medium,"To enhance the interoperability of the metadata schema with other metadata schemas and improve the overall quality of metadata, it is important to try to reuse existing terms. Finding these can be aided with the use of terminology search and cross-walks between metadata standards. The used design tools shall assist the developer in applying these mechanisms.",2024-09-23,,Protege can be used to edit the metadata schema. Protege could have useful plugins for terminology search from important other metadata standards. Otherwise a plugin might be configurable against a DBPedia Lookup that was initialized with common metadata standards.
REQ-IMPL-SCHEMA-PROVIDED-FILES,üìúProvided schema files,Implementation,Metadata Schema,High,A formalized specification of the schema is necessary. The preferred format is in a semantic format like Turtle/Notation3. Additionally the schema files shall be provided as JSON schema (both plain JSON and JSON-ld) as a convenience for external use cases. Only the semantic format can be considered the root schema and the others most be updated on every change respectively. These types of formats are prioritized because of their validation and form generation capabilities,2024-09-23,,JSON-Schema files can be generated from an OWL/SHACL specification of the root schema
REQ-IMPL-RECORD-STORAGE-FEDERATION,üìùMetadata serialization formats shall be storable in a way that supports SPARQL federation,Implementation,Metadata Record,high,"Metadata shall be easily queriable among federated SPARQL endpoints, to improve findability. Queries should function with either native or virtual endpoints.",2024-09-19,"https://schema.org/SearchAction, https://schema.org/EntryPoint, https://schema.org/query, https://schema.org/includedInDataCatalog, http://edamontology.org/data_2080, http://edamontology.org/format_3748, http://edamontology.org/format_2195",Triplestore databases easily provide SPARQL endpoints and therefore federation capabilities. Alternatively metadata can be stored in a way that allows for virtual SPARQL endpoints to achieve the same effect.
REQ-IMPL-RECORD-FORMAT-STANDARDS,üìùMetadata serialization formats need to be standardized,Implementation,Metadata Record,high,"Make sure that metadata is stored with a standardized serialization format, so most tools and frameworks natively support parsing and serializing it",2024-08-15,"http://purl.obolibrary.org/obo/NCIT_C171252, http://edamontology.org/format_1915, https://schema.org/encodingFormat","This means the preferred serialization formats are RDF/XML, JSON-LD, Turtle, N3 and Ntriples. Nevertheless, other standardized formats as XML, JSON, YAML and TOML are also valid and can be used."
REQ-METADATA-SUBMODULE-STORAGE-STRUCTURE,üìù Metadata record submodules storage structure,Implementation,Metadata Record,high,Submodules will need to reference each other and a flat way of storage is superior if multiple submodules might reference the same submodule,2024-10-22,https://schema.org/DefinedTermSet (A submodule is a Defined Term Set that contains metadata fields relevant to the topic of the submodule.) https://schema.org/inDefinedTermSet (could use this to note if a term belongs to more than one submodule) https://schema.org/citation (could use this property of a Defined Term Set to track other sets that it references),Use JSON $ref in JSON and the respective URIs in RDF based file formats
REQ-IMPL-TOOLING-RECORD-CREATION-SERVICE,üîß Metadata record Implementation Tools,Implementation,Tooling,Medium,To ensure that the creation of metadata records can be done easily from different application contexts a service solution for the creation can be beneficial. So this service could be embedded via an application plugin. Such a service can therefore support multiple programming languages.,2024-09-23,,Metadata record creation and editing as a web service.
REQ-INTEGRATION-SCHEMA-STANDARD-INTEROPERABILITY,üìúAllow interoperability between existing metadata standards,Integration,Metadata Schema,Medium,"Metadata records for our schema should be easily interoperable with other platforms that use different schemas, as it prevents re-annotation of metadata in other formats and supports data access to and from other platforms",2024-08-15,,Schema crosswalks to the most relevant standards are helpful for federated searches and form a foundation of format conversions. Scripts shall be provided to convert from and to our schema for a selected set of standards. Evaluate formalized (semantic) formats for crosswalks and recommend one that can be integrated into existing knowledge graphs / ontologies.
REQ-INTEGRATION-SCHEMA-APPLICATION-GUIDELINES,üìúRequirements for applications using the metadata schema,Integration,Metadata Schema,Low,Allow developers to get going with the schema quickly with a clear set of requirements on how to integrate and work with the metadata schema and records. All applications that want to work with the standard are obliged to follow these guidelines.,2024-08-15,,Extrapolate a subset of the requirements on this page and format them on some kind of online documentation.
REQ-INTEGRATION-TOOLING-METADATA-FLEXIBILITY-FOR-APPLICATIONS,üîß Metadata Integration Tools,Integration,Tooling,Medium,"A unified metadata schema used by the tools shall provide capabilities that allows each tool to customize the schema in certain limits to be best suited for the given use case of the tool. For example tools should be able to define explicit rules for what metadata fields are necessary and which are optional. Also the use of certain domain-specific metadata schemas/modules should be controllable, ensuring that relevant metadata is captured.",2024-09-23,,The input forms for metadata should be somehow generated. This might require inputs from the developer on what metadata modules are relevant and if certain fields should have a non-standard mandatory state. This could work best with a service that produces metadata forms that can be configured via the parameters to the endpoint
REQ-INTEGRATION-TOOLING-STANDARD-EXPORTS,üîß Provide export capabilities,Integration,Tooling,Medium,To boost compatibility and interoperability it is necessary to provide exports in a selection of well established metadata standards,2024-10-22,,"Use formalized crosswalks to perform a conversion to classic standards like DCT, Datacite, ..."
REQ-USE-SCHEMA-DOCUMENTATION,üìúOnline documentation,Use,Metadata Schema,high,"Each metadata module / profile, and each individual metadata field shall have a definition and description text that is available online.",2024-08-15,,Generated documentation on GitHub pages
REQ-USE-SCHEMA-USAGE-GUIDE,üìúUsage guide,Use,Metadata Schema,medium,"The metadata schema needs to be accompanied by an online documentation or guide on how to use it properly. This shall include different user perspectives including but not limited to data owners, application developers and data registry maintainers. Also, it needs to motivate why the usage of metadata and respective standards is important.",2024-08-15,,Additional Markdown based documentation that can accompany the generated GitHub pages.
REQ-USE-SCHEMA-DOCUMENTATION-TERMINOLOGY-DIFFERENCES,üìúVisualize different use of terminology among reused / mapped schemas and ontologies,Use,Metadata Schema,medium,"Some terms are used differently between different standards or use different names for the same thing. The documentation shall provide a way to recognize those cases, to help users understand the differences of similar terms",2024-08-15,,"Use terminology from thesauri or SKOS to express ""similarTerms"", ""similarButDifferent"" and ""notToBeConfusedWith"" relations."
REQ-USE-SCHEMA-DOCUMENTATION-STAKEHOLDER-USERS,üìúSchema documentation shall be understandable for users that need to fill or read metadata,Use,Metadata Schema,Medium,"The schema documentation must provide helpful information to users without semantics or metadata background, so it should not just be focused around developers",2024-08-15,,"This is hard to measure, so for now just involve end users in the design of the documentation."
REQ-USE-SCHEMA-CURATED-CONTROLLED-VOCABS,üìúAllow for a curated way to extend controlled vocabularies,Use,Metadata Schema,Medium,"Strict controlled vocabularies can cause frustration for users, if they are unable to correctly express the meta information that would be best suited. Free text can sometimes describe better what a certain artifact / dataset is about, if there are no matching values in the controlled vocabulary. However, free text causes interoperability issues, so it is necessary to provide a process that allows to add new items to a controlled vocabulary in a curated way, that does not hinder the workflow of the user",2024-08-15,,"Embedding a terminology search into a metadata input form when there can be no proper choice made to find a reference in an ontology for a term. If the term from the other ontology fulfills yet to be determined characteristics it might be possible to extend the vocabulary with that term (initially for the time the form is active) and on a long run the added ""external"" terms could be curated and either accepted or revoked centrally for the schema."
REQ-USE-RECORD-SIMPLE-UI,üìùMetadata UI needs to be simple and streamlined,Use,Metadata Record,High,Don't annoy or scare users with complex forms or workflows as this will prevent them from entering data alltogether. Simple and streamlined processes and UIs are key.,2024-08-15,,Provide either a wizard/survey like form with multiple small pages or a dialog with a chatbot rather than a form and use modern web frameworks to build the UI.
REQ-USE-RECORD-SIMPLIFY-LINKING,üìùSimplify linking between metadata records,Use,Metadata Record,Low,For easier navigation and understanding relations between multiple (data) artifacts - it is necessary to allow to link between metadata records easily. Users are not likely to manually look up relations themselves. As a result any user interface should assist the user in finding appropriate potentially related metadata records automatically.,2024-08-15,,"Search for strategies how to identify metadata records with a certain degree of similarties, such that a service can propose them to be added as a related metadata record. (Use the OEP scenario comparision as a foundation)"
REQ-USE-RECORD-LANGUAGES,üìùMetadata record value languages,Use,Metadata Record,Low,Ontologies do support annotation in multiple languages so any user interface shall be allowed to present metadata in any given language as long as the formal serialization is again in the standard language. Controlled vocabularies might also provide translations for a given item.,2024-11-07,,User interface code can use the respective language annotations for labels when displaying both fieldnames and selected (controlled) values
REQ-USE-RECORD-DOCUMENTATION-STAKEHOLDER-USERS,üìùMetadata usage documentation shall be understandable for users that need to fill or read metadata,Use,Metadata Record,Medium,The workflow documentation must provide helpful information to users without data management background and shall allow everybody to get started with metadata annotation.,2024-11-07,,"This is hard to measure, so for now just involve end users in the design of the documentation."
REQ-USE-TOOLING-CONVERSION-SERVICE,üîß Metadata Integration Tools,Use,Tooling,Medium,"Provide a tool that supports metadata record conversion from one schema to another, enabling easy integration for tool developers, even if their existing tools are built around a different metadata schema. This tool should facilitate interoperability across multiple schemas, reducing the burden on developers to manually map terms or fields.",2024-09-23,"https://schema.org/Thing, https://schema.org/convertTo, https://schema.org/targetFormat, http://purl.org/dc/terms/conformsTo, http://purl.org/dc/terms/format, http://purl.org/dc/terms/relation, https://www.w3.org/TR/prov-o/#wasDerivedFrom, https://www.w3.org/TR/prov-o/#hadPrimarySource, https://www.w3.org/ns/dcat#mediaType, https://www.w3.org/TR/vocab-dcat-2/#Class, http://edamontology.org/format_1915, http://edamontology.org/operation_0335, http://www.w3.org/2004/02/skos/core#exactMatch, http://www.w3.org/2004/02/skos/core#closeMatch","Consider using existing ontology matching tools to perform schema mapping, which can be used as foundation to automate much of the metadata record conversion process."
REQ-REVIEW-SCHEMA-DOCUMENTATION-CLEAR-REFERENCES,üìúDocumentation shall clearly show the terms used from other ontologies / schemas,Review,Metadata Schema,High,"Documentation should reference terms from other ontologies and schemas to maximize interoperability, providing clear links to the original sources and formal specifications. This approach ensures consistent terminology and enables seamless integration with external systems, enhancing the metadata‚Äôs usability across diverse platforms. It also increases the awareness of users about the origins of each metadata field.",2024-08-15,"https://schema.org/about, https://schema.org/itemReviewed, https://schema.org/reviewAspect, https://schema.org/author, https://schema.org/reviewBody, https://schema.org/mentions, https://schema.org/citation",Use Markdown and HTML to incorporate named links to external sources. Schema terms can be embedded as metadata tags or structured annotations where applicable.
REQ-REVIEW-SCHEMA-VERSIONING,üìúMetadata schema / standard needs to have a clear versioning scheme,Review,Metadata Schema,High,"Implement a clear versioning scheme to ensure that each dataset is accurately linked to the correct schema version. This enables consistency, traceability, and compatibility across systems. The versioning system should include identifiers for major, minor, and patch updates. Each version should also link to release notes and modification dates where applicable. The current and all older versions must be accessible via a GUPRI.",2024-08-15,"https://schema.org/version, https://schema.org/releaseNotes, https://schema.org/dateModified","Use semantic versioning (e.g., MAJOR.MINOR.PATCH) and reference the used version in the metadata schema, so each record can be clearly referenced to the used version."
REQ-REVIEW-RECORD-FORMAT-VALIDATION,üìùMetadata serialization format validation,Review,Metadata Record,High,Validation of metadata records improves the quality of metadata. Therefore used record serializations must allow for standardized validation mechanisms. Validation needs to be done in two stages (client and server) to first improve UX and second guarantee record conformance,2024-08-15,,JSON schema and JSONld can be used in conjunction to validate input metadata records. If using other semantic formats the superior validation of SHACL can be applied. Web user interfaces often support client side validation this should be applied whenever possible.
REQ-REVIEW-TOOLING-DOCUMENTATION-VERSION-CONTROL,üîßVersion control shall be applied for documentation,Review,Tooling,medium,"Apply version control to the metadata schema documentation. This will improve documentation quality, make changes to documentation traceable, and prevent losses when edits are made by multiple people.",2024-09-19,"https://schema.org/version, https://schema.org/UpdateAction",GitHub is a good foundation for the documentation source files and can also host the actual online documentation
REQ-REVIEW-TOOLING-VERSIONING,üîß Metadata Versioning Tools,Review,Tooling,high,"Apply version control to the metadata schema. This will improve schema quality, make changes to the schema traceable, and prevent losses when edits are made by multiple people. New versions shall come with migration scripts to convert existing entries to the new version of the schema.",2024-09-23,"https://schema.org/version, https://schema.org/schemaVersion, https://schema.org/UpdateAction","The metadata schema can be versioned using git tags, in this way, the persistent URLs of the metadata schema files will contain the respective version number. Each new release of the schema must be checked with analysis tools to avoid design flaws."
REQ-REVIEW-TOOLING-VALIDATION,üîß Metadata Validation Tools,Review,Tooling,medium,"Ensure that the metadata schema is accurate, complete, and compliant with predefined standards. This can be done, for example, through metadata schema validation tools which check that data registries can display and compare metadata, standardize mandatory fields for meaningful comparisons, and balance user experience with data comparability.",2024-09-23,,"OBO-Foundry, OOPS!, ..."
